"donor_id","CD8-positive, alpha-beta T cell","gamma-delta T cell","regulatory T cell","naive thymus-derived CD4-positive, alpha-beta T cell","naive thymus-derived CD8-positive, alpha-beta T cell","central memory CD4-positive, alpha-beta T cell","effector memory CD4-positive, alpha-beta T cell","central memory CD8-positive, alpha-beta T cell","effector memory CD8-positive, alpha-beta T cell","CD4-positive, alpha-beta cytotoxic T cell","CD4-positive, alpha-beta T cell","mucosal invariant T cell","double negative thymocyte"
"1_1",1,28,15,222,28,215,6,4,252,23,0,0,0
"2_2",1,60,24,219,39,342,27,62,297,13,1,3,0
"3_3",0,18,12,173,76,170,33,15,157,8,0,10,1
"4_4",0,25,23,417,62,353,22,13,130,6,0,9,1
"6_6",0,12,54,405,67,390,15,10,112,13,1,4,1
"7_7",0,4,33,417,37,283,13,7,186,2,0,5,0
"8_8",0,35,3,90,9,101,27,5,272,36,0,5,0
"9_9",0,4,33,490,119,179,9,11,10,0,0,2,0
"10_10",1,3,39,263,14,213,15,4,78,6,0,0,1
"11_11",0,7,49,282,5,204,10,4,40,3,1,0,0
"12_12",2,39,38,310,77,429,29,39,387,15,3,15,13
"13_13",0,19,51,222,11,360,73,21,139,12,1,18,1
"15_15",0,11,17,140,33,247,21,10,147,3,2,0,0
"16_16",0,11,20,414,41,281,45,32,166,50,0,14,1
"17_17",0,31,14,94,24,209,44,4,283,4,0,10,2
"18_18",2,19,13,89,9,131,10,4,308,13,1,0,1
"19_19",0,22,25,147,10,432,32,16,226,19,0,3,2
"23_23",2,27,14,128,47,161,22,3,206,10,0,9,1
"24_24",0,5,36,152,11,270,27,17,253,8,3,8,5
"25_25",3,34,18,239,31,306,25,12,209,8,1,8,2
"27_27",0,69,20,143,24,255,26,8,249,322,0,1,0
"28_28",1,2,22,336,33,314,22,20,119,6,0,1,0
"29_29",0,32,43,462,42,289,10,19,70,4,1,5,6
"30_30",0,16,25,312,75,298,20,60,153,3,0,4,1
"33_33",0,8,42,567,32,270,5,12,58,3,0,1,2
"35_35",0,21,24,160,14,182,10,5,98,3,0,7,5
"36_36",0,7,20,107,9,369,29,15,55,0,0,4,1
"37_37",0,9,27,275,42,239,19,20,126,16,2,3,1
"38_38",0,101,10,86,12,198,11,13,388,6,1,5,2
"39_39",2,7,38,214,52,471,58,30,166,7,1,1,1
"40_40",0,15,16,90,2,234,41,5,133,5,0,11,0
"41_41",0,23,40,180,6,308,20,3,290,25,1,1,2
"42_42",0,24,34,352,200,477,46,21,101,4,0,2,1
"43_43",0,24,30,366,209,316,40,13,68,9,1,86,1
"44_44",0,20,20,163,27,174,25,6,64,10,0,1,0
"45_45",0,2,22,170,11,75,4,6,78,1,0,2,1
"46_46",0,21,4,191,56,262,13,12,178,8,2,4,2
"47_47",0,33,16,188,139,193,19,14,110,7,0,81,3
"48_48",1,2,34,105,6,321,29,19,248,22,2,2,0
"49_49",0,7,37,9,4,378,48,71,239,13,2,1,4
"50_50",0,1,20,50,19,130,24,5,33,0,7,3,2
"51_51",1,6,49,199,50,410,49,23,54,0,1,12,4
"52_52",0,18,20,225,70,409,93,15,149,7,0,6,2
"53_53",0,11,48,427,132,216,55,23,45,4,0,38,2
"54_54",0,19,60,418,28,376,36,9,112,7,2,8,0
"55_55",1,12,43,355,67,327,21,4,85,13,2,10,1
"56_56",0,5,19,98,46,258,23,19,164,3,0,6,1
"57_57",1,11,32,240,84,164,32,20,187,16,1,13,2
"58_58",1,3,48,190,11,297,13,10,37,2,2,6,2
"60_60",1,8,36,445,177,285,10,8,32,2,1,6,2
"61_61",0,17,36,217,91,432,53,27,55,4,2,10,9
"63_63",1,4,37,248,98,423,23,10,39,4,2,4,7
"64_64",0,17,46,361,83,338,28,7,76,4,2,9,6
"65_65",0,2,21,173,24,323,48,11,47,3,0,10,1
"66_66",0,29,32,97,4,277,86,22,348,8,0,15,0
"68_68",0,5,25,199,10,211,19,8,105,28,1,4,0
"69_69",0,2,34,185,24,252,21,7,28,1,1,1,1
"70_70",1,14,23,245,78,327,34,21,85,1,2,26,5
"71_71",1,10,11,82,17,71,14,2,123,60,1,1,1
"72_72",1,13,17,92,18,106,13,4,129,13,4,0,8
"75_75",2,2,26,38,7,236,28,14,226,29,1,1,2
"76_76",0,7,14,111,34,158,20,29,59,2,0,2,0
"77_77",0,10,15,262,110,433,37,93,134,9,0,5,2
"78_78",0,15,15,157,41,316,33,24,140,0,0,24,2
"79_79",0,10,20,285,88,252,32,15,46,6,0,6,1
"81_81",0,13,71,456,76,563,69,75,157,2,0,23,4
"82_82",0,8,47,442,26,296,30,29,90,1,3,6,1
"83_83",0,6,33,231,73,314,15,20,103,3,1,3,1
"84_84",0,8,15,131,50,362,137,18,207,50,1,0,1
"85_85",0,7,23,207,35,313,30,21,93,2,0,11,9
"86_86",1,43,13,113,60,284,70,20,305,19,0,8,4
"87_87",0,5,6,52,3,130,17,10,77,7,0,1,1
"88_88",0,2,8,6,3,19,5,0,29,14,0,1,0
"89_89",1,10,25,45,18,262,45,47,121,16,2,3,1
"90_90",10,3,32,41,7,141,10,11,86,16,10,5,3
"91_91",1,5,32,152,33,211,21,42,431,59,0,1,0
"92_92",1,11,21,106,12,172,18,4,249,36,1,4,7
"93_93",0,2,35,266,35,237,18,10,37,6,2,6,3
"95_95",0,8,33,175,10,272,35,20,59,5,0,15,0
"96_96",0,17,27,161,49,352,40,13,260,8,2,13,1
"97_97",0,12,46,327,118,486,53,21,133,12,4,26,0
"98_98",0,13,114,518,92,259,48,20,73,16,1,25,0
"99_99",0,12,58,555,51,311,59,9,109,32,0,4,1
"101_101",0,7,47,307,4,407,72,3,135,31,0,0,1
"102_102",0,89,35,241,68,201,51,6,269,38,1,21,1
"104_104",0,12,33,221,54,145,31,9,238,18,0,10,4
"105_105",0,21,83,600,164,645,54,32,102,7,1,11,9
"106_106",2,28,28,98,9,238,37,10,246,39,0,6,0
"107_107",0,7,55,287,28,234,24,6,90,5,2,1,0
"108_108",0,4,67,298,9,303,24,12,36,2,0,3,1
"109_109",1,100,44,94,6,367,132,20,449,26,0,8,0
"110_110",0,23,55,165,19,484,36,17,111,14,1,3,4
"111_111",0,6,36,115,12,508,63,20,480,21,2,4,0
"112_112",0,8,52,299,14,295,28,5,57,27,1,8,0
"113_113",1,16,21,129,26,226,50,42,224,72,0,6,0
"114_114",1,13,57,270,79,419,55,6,183,14,2,18,4
"116_116",0,37,21,90,16,331,67,8,445,53,0,6,0
"117_117",0,11,43,356,9,286,16,5,91,19,0,4,0
"119_119",1,24,17,160,126,346,75,20,106,4,1,38,6
"120_120",0,8,19,400,44,177,4,1,28,0,2,3,0
"121_121",3,1,30,269,22,231,52,12,192,10,0,15,0
"122_122",0,17,25,102,33,212,27,10,39,4,0,20,0
"123_123",0,14,17,197,91,282,43,10,117,1,3,11,0
"124_124",0,18,10,350,29,98,3,1,64,10,0,9,1
"125_125",0,1,39,560,68,158,18,3,82,10,0,2,2
"126_126",0,13,34,266,18,317,20,4,38,0,0,11,1
"127_127",0,12,35,540,31,178,5,0,31,0,1,11,8
"128_128",0,6,15,337,104,164,20,5,164,0,0,6,1
"129_129",0,15,17,293,144,178,10,10,163,3,0,5,0
"130_130",1,18,25,473,25,211,12,6,187,2,0,5,4
"131_131",0,4,24,203,27,239,15,5,56,1,0,3,0
"132_132",0,2,30,297,53,166,41,8,47,7,0,10,1
"133_133",0,10,27,34,21,165,33,8,88,0,1,1,0
"134_134",0,14,15,218,24,282,11,10,93,15,1,1,1
"137_137",0,25,19,421,73,398,8,22,159,74,0,5,0
"138_138",0,10,7,158,10,479,46,21,217,5,1,1,0
"139_139",0,12,12,66,15,181,17,5,244,29,0,3,2
"140_140",1,7,12,112,19,450,20,7,149,19,2,2,1
"141_141",0,7,13,230,85,375,64,33,150,14,0,18,1
"142_142",0,67,13,100,38,186,12,15,182,4,0,4,3
"144_144",0,12,15,158,64,272,32,17,129,3,1,9,0
"145_145",0,4,18,240,6,160,21,12,87,5,0,2,0
"146_146",1,2,12,102,3,197,23,4,97,3,0,2,2
"147_147",0,16,17,232,24,107,16,9,270,13,0,5,1
"148_148",1,8,17,205,25,255,25,18,106,4,0,12,0
"149_149",1,33,19,234,43,419,44,8,98,1,1,16,6
"150_150",0,5,39,351,61,262,22,18,144,2,0,2,1
"151_151",1,13,16,367,159,254,20,26,49,5,2,8,1
"152_152",0,9,29,126,28,361,22,14,135,3,0,5,0
"153_153",0,7,26,362,40,254,11,11,12,1,0,3,1
"154_154",0,52,14,220,47,297,23,20,197,24,1,10,2
"155_155",0,2,10,200,56,442,23,27,73,1,0,4,1
"156_156",0,7,21,165,13,319,48,23,238,11,0,5,1
"158_158",0,16,12,174,12,284,42,12,200,17,1,11,1
"159_159",0,5,24,274,101,327,26,27,135,4,1,10,3
"160_160",0,6,21,362,48,206,17,18,72,5,0,18,2
"161_161",0,10,16,213,68,194,24,39,162,16,2,14,2
"163_163",0,2,22,211,27,297,29,39,61,3,4,5,7
"164_165",1,6,14,184,83,263,27,19,25,0,1,2,2
"165_166",0,5,1,50,11,48,6,2,65,1,0,0,0
"166_167",0,20,16,260,272,213,33,3,55,4,0,12,0
"167_168",0,9,16,200,25,303,54,7,39,0,1,25,2
"168_169",0,15,6,40,16,102,23,8,246,14,0,2,0
"169_170",1,22,15,259,197,259,21,11,98,0,0,18,5
"170_171",1,10,21,221,67,310,49,29,108,0,1,32,1
"171_172",2,26,42,165,78,480,73,45,257,36,1,12,1
"172_173",0,24,14,167,102,265,49,21,143,5,2,15,5
"173_174",0,12,16,122,12,334,21,5,95,5,0,27,0
"175_176",0,26,8,86,82,155,35,20,51,1,0,10,0
"176_177",0,22,20,302,140,247,34,12,132,8,0,6,3
"177_178",0,5,39,429,200,256,26,29,23,3,0,8,1
"178_179",0,5,21,278,62,276,26,7,22,4,0,6,2
"179_180",0,4,16,574,276,226,26,10,24,1,0,7,0
"180_181",0,33,54,724,53,373,22,15,66,3,1,12,2
"181_182",0,14,39,204,61,351,49,21,214,34,1,23,3
"182_183",0,11,6,180,33,176,14,12,141,5,1,2,5
"183_184",0,6,49,276,156,483,24,132,198,13,3,5,7
"184_185",0,6,10,359,17,142,3,3,22,3,1,5,1
"185_186",1,23,22,106,14,582,67,40,125,1,0,3,4
"186_187",0,22,22,219,171,242,29,16,147,4,0,43,1
"187_188",1,45,12,187,119,137,7,17,89,2,0,5,1
"188_189",0,14,5,15,1,98,2,7,27,0,0,0,1
"189_190",0,5,21,149,19,293,14,19,31,0,0,4,0
"190_191",1,10,16,358,70,317,36,9,280,51,0,10,3
"191_192",0,18,18,453,50,345,20,8,80,7,0,27,4
"192_193",0,13,20,355,76,379,11,11,16,2,0,5,0
"193_194",0,5,4,34,3,134,18,5,99,2,0,1,0
"194_195",0,24,18,530,119,412,22,4,41,4,0,0,0
"196_197",0,2,7,129,10,326,16,6,78,3,0,3,0
"197_198",0,11,12,147,93,235,43,5,246,12,0,12,0
"198_199",0,39,17,502,182,397,31,12,48,15,0,12,0
"199_200",0,52,17,74,26,355,61,16,295,224,0,24,2
"200_201",0,15,13,301,65,419,40,6,22,3,0,2,0
"201_202",0,10,10,197,56,313,24,7,76,6,0,0,0
"202_203",0,12,15,298,104,583,59,16,122,84,0,6,1
"203_204",0,13,15,226,91,421,25,19,90,5,0,0,0
"204_205",0,7,16,472,48,742,22,11,65,5,0,1,0
"206_207",0,36,56,287,86,403,103,6,169,62,0,30,2
"207_208",4,23,20,122,51,207,39,24,505,38,2,23,2
"208_209",0,17,23,139,53,302,46,18,208,17,1,6,0
"209_210",1,34,21,122,41,114,9,2,223,22,2,14,3
"210_211",0,17,47,374,64,371,30,8,340,26,0,6,3
"211_212",1,10,28,109,31,509,53,19,65,3,2,26,8
"212_213",0,6,26,203,23,245,34,10,176,18,0,17,1
"213_214",2,19,31,180,43,243,14,5,172,18,0,10,1
"214_215",0,14,63,283,50,324,57,20,145,22,2,12,2
"215_216",3,18,44,403,157,414,81,17,267,68,0,17,4
"217_218",2,46,33,129,30,343,32,14,166,40,0,11,3
"219_220",1,27,56,390,40,453,29,17,283,19,1,11,0
"220_221",0,4,21,146,32,271,14,23,47,10,0,10,0
"221_222",0,22,48,133,15,309,36,39,123,34,2,18,1
"222_223",0,19,63,511,141,485,65,18,81,17,0,11,3
"223_224",0,14,21,236,9,350,84,13,266,6,0,5,1
"224_225",0,5,36,360,18,421,36,17,160,8,0,18,1
"225_226",0,19,25,270,116,274,28,24,105,1,0,10,3
"226_227",0,4,17,110,1,63,9,1,32,3,0,0,0
"229_230",0,17,21,146,206,163,16,24,70,5,0,6,0
"230_231",1,2,23,207,11,272,26,14,102,22,0,1,1
"231_232",0,22,16,149,24,179,18,15,91,4,0,3,1
"232_233",12,7,26,226,211,344,40,27,58,3,10,7,3
"233_234",0,17,40,184,40,376,17,17,69,9,0,5,3
"236_237",0,3,23,292,114,382,23,20,102,3,1,2,0
"237_238",1,56,18,203,72,92,44,14,62,4,1,23,0
"238_239",0,20,31,429,89,141,35,10,89,3,0,17,2
"239_240",0,27,37,330,92,167,16,12,49,17,0,16,3
"240_241",0,4,3,164,97,199,32,17,153,1,0,4,0
"241_242",0,7,10,148,11,402,73,14,205,56,0,2,1
"242_243",1,12,29,383,16,296,21,6,143,24,0,1,2
"243_244",0,14,14,160,249,171,28,45,337,15,0,15,2
"244_245",0,18,15,113,7,251,33,11,167,86,0,3,0
"245_246",0,2,36,439,56,448,13,11,39,1,0,0,2
"246_247",0,16,29,214,125,212,38,9,89,3,0,21,2
"247_248",0,13,16,452,29,401,11,6,137,14,2,2,1
"248_249",0,44,6,87,29,222,10,14,169,1,0,0,1
"250_251",0,3,30,320,74,274,9,4,34,8,1,14,1
"251_252",0,41,12,359,49,250,21,10,254,32,2,27,0
"252_253",0,27,33,554,138,238,12,4,117,1,0,13,6
"255_256",0,7,50,481,86,287,101,14,232,18,1,15,3
"256_257",0,24,28,190,157,204,46,15,122,4,1,4,0
"257_258",0,9,52,255,43,487,52,18,171,2,0,1,1
"258_259",0,5,29,110,6,185,27,6,54,0,2,5,1
"259_260",0,22,30,285,45,344,53,10,89,10,1,28,1
"260_261",0,0,39,323,50,388,28,19,51,2,7,2,1
"262_263",0,9,49,465,22,344,30,2,136,11,5,1,3
"263_264",1,1,44,269,11,352,25,5,64,5,1,8,2
"264_265",2,5,15,14,19,221,87,109,392,6,3,1,0
"266_267",0,5,9,263,57,237,23,8,84,2,0,1,5
"267_268",1,11,21,128,25,326,66,10,244,30,0,7,3
"269_270",0,2,21,69,1,243,17,12,31,2,1,3,0
"270_271",0,5,46,350,77,258,61,15,122,18,1,48,4
"271_272",1,15,13,203,211,237,32,32,61,3,1,9,7
"272_273",0,5,19,183,64,129,8,18,34,0,1,0,0
"273_274",0,4,16,199,14,218,41,18,65,3,1,8,3
"274_275",0,3,31,331,17,221,29,3,68,4,1,20,0
"275_276",0,10,31,157,131,355,32,20,136,6,0,14,9
"276_277",0,22,23,142,48,210,61,15,210,16,0,57,0
"278_279",0,25,41,342,72,223,41,17,111,8,1,10,1
"279_280",0,18,19,232,156,127,35,16,121,12,0,14,5
"280_281",0,19,21,426,170,167,21,16,50,3,0,11,1
"281_282",0,8,32,227,26,203,22,22,139,15,1,5,0
"282_283",0,20,9,154,89,143,54,23,124,4,1,10,1
"283_284",0,6,28,234,111,264,58,22,71,14,0,8,0
"284_285",0,18,20,325,230,202,18,8,102,22,0,7,1
"286_287",0,15,11,93,97,110,9,9,78,1,0,13,6
"287_288",0,7,45,157,9,319,32,18,143,7,4,7,3
"288_289",0,1,51,376,47,295,13,8,27,1,0,2,1
"289_290",0,19,17,326,95,179,26,23,66,4,0,4,0
"290_291",0,13,25,397,65,290,25,23,40,4,1,4,1
"291_292",0,14,5,190,9,285,25,4,56,1,1,3,0
"292_293",1,11,24,477,64,275,9,9,8,10,2,24,3
"293_294",0,8,14,292,22,158,7,15,47,3,0,1,0
"294_295",0,19,35,418,68,225,41,10,170,26,0,24,1
"295_296",1,6,16,326,32,191,7,10,194,15,0,4,0
"296_297",1,18,16,340,28,200,3,30,198,76,1,0,0
"297_298",0,23,28,326,4,155,3,13,114,14,0,4,1
"298_299",0,51,25,392,46,342,42,14,205,17,2,14,1
"299_300",0,36,21,187,4,174,11,7,97,17,0,1,1
"301_302",0,15,58,621,56,405,16,43,91,11,1,2,4
"302_303",0,19,32,359,23,318,28,19,241,23,0,3,1
"303_304",0,9,40,648,40,372,13,21,37,2,0,5,7
"304_305",0,3,19,279,16,246,25,16,116,9,1,3,4
"305_306",0,60,8,117,9,182,21,14,324,64,0,3,1
"306_307",0,1,13,204,30,313,15,28,56,9,0,8,0
"307_308",0,25,20,247,9,306,24,11,151,10,0,2,1
"308_309",0,4,14,273,22,171,5,2,5,2,0,0,1
"309_310",0,11,5,77,4,158,33,5,130,33,1,10,1
"310_311",0,29,31,467,18,205,20,20,336,48,0,3,0
"311_312",0,3,21,135,3,357,18,6,38,3,2,25,0
"312_313",1,11,4,51,28,115,28,14,495,65,0,1,0
"313_314",0,18,12,270,159,129,22,11,84,12,1,10,3
"314_315",0,19,15,360,47,416,42,29,193,14,1,3,1
"315_316",2,5,7,40,4,270,15,5,141,42,6,3,4
"316_317",0,8,41,292,47,250,28,9,54,9,0,36,9
"317_318",0,20,17,399,49,313,89,16,351,37,0,4,2
"318_319",2,28,16,223,20,321,46,33,322,23,0,5,6
"319_320",0,1,6,46,2,122,9,4,49,1,1,4,4
"320_321",0,9,9,173,5,160,26,4,127,24,1,0,1
"321_322",0,20,6,191,19,179,34,6,366,19,2,0,2
"322_323",0,28,7,194,17,211,16,20,134,29,1,11,1
"323_324",0,17,6,254,13,88,4,3,302,2,0,1,1
"324_325",0,9,16,39,1,136,15,2,424,27,0,10,1
"325_326",0,17,4,415,17,139,20,18,162,36,0,2,0
"326_327",1,9,19,414,34,341,32,27,81,2,0,1,0
"327_328",0,45,7,452,172,174,27,15,28,3,0,31,3
"328_329",1,12,18,262,11,428,42,26,396,67,1,9,4
"329_330",0,12,11,273,46,339,70,28,300,214,1,5,1
"330_331",0,4,8,344,10,180,46,13,105,10,1,5,0
"331_332",0,12,11,424,257,344,31,13,114,3,2,22,5
"332_333",0,14,14,699,241,318,15,23,86,6,1,11,2
"333_334",2,84,11,266,13,294,27,13,395,16,1,7,1
"334_335",0,11,24,530,134,281,27,11,59,2,0,51,2
"335_336",1,12,13,154,17,284,25,12,124,82,2,4,0
"336_337",0,39,4,27,12,137,40,38,270,244,6,0,2
"337_338",0,8,20,288,144,294,36,31,140,7,2,4,2
"338_339",1,17,36,106,20,290,36,20,186,34,0,0,0
"339_340",0,14,29,126,7,289,57,38,231,57,0,10,2
"340_341",0,32,52,238,24,308,45,15,301,92,0,7,0
"342_343",1,39,5,79,2,101,6,5,467,24,0,1,2
"344_345",0,3,16,177,22,339,45,28,262,36,0,1,1
"345_346",0,10,10,55,12,246,66,3,398,23,0,6,6
"346_347",0,70,34,38,38,129,12,8,50,11,2,5,2
"347_348",0,12,21,213,39,148,25,9,167,20,0,9,1
"348_349",0,15,77,258,157,415,55,26,126,47,0,30,0
"349_350",1,56,29,201,22,233,27,19,339,173,2,2,0
"350_351",0,11,17,57,30,180,27,16,116,24,1,18,1
"351_352",0,11,6,60,10,80,5,5,54,1,0,0,1
"352_353",0,44,68,485,64,425,49,22,158,28,4,16,3
"353_354",0,14,29,116,17,381,15,5,42,6,0,21,3
"354_355",0,48,17,259,135,192,25,18,166,9,1,24,5
"355_356",0,20,28,464,131,136,23,7,37,2,0,8,3
"356_357",0,77,17,276,81,252,27,22,179,19,1,3,2
"357_358",0,44,20,647,99,203,13,16,171,17,0,3,0
"358_359",1,11,14,454,9,192,13,8,248,72,0,0,1
"359_360",1,26,26,383,78,348,27,26,406,41,1,1,6
"360_361",0,11,26,435,117,163,33,12,30,5,1,51,1
"361_362",1,19,84,442,62,608,55,57,221,51,1,23,3
"363_364",0,21,77,662,68,277,33,11,31,5,1,29,1
"364_365",0,25,40,481,229,246,17,21,57,5,0,9,5
"365_366",0,40,39,409,38,260,10,58,167,9,0,5,3
"366_367",0,17,55,697,189,199,38,24,107,19,1,3,2
"367_368",1,45,50,344,47,233,31,21,338,68,1,7,1
"368_369",0,8,28,297,86,180,45,17,66,2,1,17,3
"369_370",0,22,57,652,34,293,43,9,82,8,2,5,2
"370_371",0,21,21,317,123,375,21,27,24,2,0,3,2
"371_372",1,4,29,398,49,379,33,27,31,2,0,4,0
"372_373",0,34,13,283,60,188,30,13,220,4,2,4,0
"373_374",1,13,33,209,16,234,35,14,185,40,0,1,0
"374_375",0,7,9,94,7,127,44,21,189,33,0,0,3
"376_377",1,11,30,158,19,273,41,37,189,22,1,1,3
"377_378",0,19,48,396,230,366,51,47,82,6,0,8,0
"378_379",0,21,24,340,164,328,36,21,116,9,2,36,2
"379_380",0,15,27,438,129,267,28,19,228,8,1,1,1
"380_381",1,15,26,379,24,193,3,7,222,7,0,0,2
"381_382",2,20,15,66,1,114,35,5,758,89,0,1,0
"382_383",0,26,69,331,32,348,48,4,169,7,1,4,2
"383_384",1,19,9,52,7,120,17,0,193,20,1,1,2
"384_385",0,20,43,91,28,676,110,5,260,25,2,18,1
"385_386",0,9,22,310,71,209,32,11,59,5,0,24,1
"386_387",0,1,12,12,15,250,31,63,61,1,1,3,1
"387_388",1,6,70,225,22,304,22,5,108,30,2,10,3
"388_389",0,12,91,704,71,249,14,4,31,6,0,0,4
"389_390",1,17,93,274,5,223,8,12,234,28,0,2,3
"390_391",0,11,47,231,26,160,27,13,76,18,0,4,5
"391_392",0,9,35,358,85,251,16,5,86,4,0,1,2
"392_393",0,5,115,593,79,419,30,20,45,11,1,3,0
"393_394",0,9,52,143,47,466,26,28,172,17,0,3,2
"394_395",0,10,8,276,67,205,39,36,343,10,0,1,0
"395_396",4,17,4,58,4,144,50,17,291,13,2,2,0
"396_397",1,5,42,367,77,288,31,25,92,3,3,12,1
"398_399",0,15,22,441,60,174,25,7,146,3,1,4,0
"399_400",0,52,23,239,16,160,53,15,313,27,0,9,1
"400_401",1,4,53,417,83,217,18,13,126,21,0,1,0
"402_403",0,9,83,576,73,262,46,11,269,16,0,6,3
"403_404",1,23,35,239,117,162,32,6,480,38,0,10,2
"404_405",1,13,38,353,67,434,33,20,185,80,0,4,0
"405_406",0,46,12,168,6,169,25,29,106,15,0,15,0
"406_407",0,15,17,174,24,367,20,16,180,6,0,3,0
"407_408",1,6,147,469,92,352,46,35,99,7,1,1,1
"408_409",0,34,27,163,9,165,23,8,369,167,0,2,0
"409_410",0,16,15,261,33,433,51,31,313,32,0,4,4
"410_411",0,6,51,246,33,374,68,8,101,25,0,0,1
"411_412",0,14,13,324,87,292,29,23,219,33,1,3,1
"412_413",0,306,59,170,12,339,27,13,89,16,0,19,1
"413_414",0,13,34,367,137,139,17,9,56,11,0,5,9
"414_415",0,20,42,509,140,147,6,8,38,8,0,8,2
"415_416",0,80,18,114,12,377,52,34,408,117,0,6,0
"416_417",0,33,26,314,38,119,17,10,364,11,0,4,0
"417_418",0,56,17,141,6,212,69,15,236,61,1,12,1
"418_419",0,17,32,397,27,190,25,22,143,18,0,4,0
"419_420",1,9,20,87,10,220,12,12,78,9,1,6,1
"420_421",0,4,119,806,20,250,10,7,52,15,0,1,1
"421_422",0,5,40,168,46,377,12,10,110,7,0,11,0
"422_423",2,15,23,266,64,386,53,36,256,7,0,5,7
"423_424",0,2,13,104,18,279,16,29,38,3,0,1,0
"424_425",0,1,25,338,7,609,35,27,49,4,0,2,0
"425_426",0,33,16,411,81,370,38,47,239,27,0,5,4
"426_427",0,2,15,391,5,347,22,14,202,32,0,3,0
"427_428",0,4,26,145,13,424,27,32,244,7,1,1,0
"428_429",2,14,29,416,26,394,20,17,211,3,0,8,2
"429_430",1,132,26,81,22,220,17,42,378,7,0,5,1
"431_432",0,11,13,496,28,262,6,5,39,2,1,2,1
"432_433",0,62,15,361,8,219,14,6,156,6,0,8,0
"433_434",0,10,6,132,3,90,13,8,303,24,0,4,1
"434_435",0,3,44,248,18,178,12,13,174,8,0,2,0
"435_436",0,39,52,371,38,107,19,5,298,13,0,6,0
"436_437",4,31,15,101,52,102,7,2,543,25,2,2,3
"437_438",0,14,31,391,114,168,28,14,26,2,0,16,2
"438_439",0,18,33,316,135,149,16,19,40,0,0,5,0
"439_440",0,14,45,339,37,177,16,13,151,49,1,2,0
"441_442",0,1,19,372,95,296,15,26,40,1,2,15,0
"442_443",0,7,26,186,35,399,28,80,245,11,1,2,0
"443_444",0,6,11,145,96,106,7,16,54,8,0,9,3
"445_446",0,40,25,73,12,193,31,50,362,46,0,13,0
"446_447",0,7,31,402,44,207,7,20,98,25,1,2,1
"447_448",0,0,11,200,23,390,17,16,53,4,0,3,0
"448_449",0,33,24,384,30,390,35,3,105,37,0,0,0
"449_450",2,5,9,87,0,94,17,7,394,11,0,0,0
"450_451",0,4,10,373,15,312,24,3,43,7,0,3,1
"451_452",0,6,12,114,9,282,29,8,172,22,0,2,1
"452_453",0,16,9,105,11,200,22,14,288,42,0,0,0
"453_454",0,2,13,72,2,192,12,10,467,55,0,1,0
"454_455",0,24,26,188,4,182,12,7,363,14,0,5,0
"455_456",0,5,57,659,39,399,19,39,98,14,0,2,0
"456_457",0,52,16,96,6,275,21,15,242,30,0,4,1
"457_458",0,109,37,227,76,242,8,82,239,18,1,8,0
"458_459",0,22,29,237,37,392,28,20,204,5,0,8,2
"459_460",0,10,29,326,21,447,19,20,59,4,1,1,0
"460_461",0,6,12,561,63,196,29,5,150,8,0,16,1
"461_462",0,10,15,493,167,293,23,17,156,39,0,1,1
"462_463",0,15,25,244,5,283,37,12,347,11,0,0,0
"463_464",0,15,10,376,24,245,12,6,261,11,0,0,0
"464_465",0,3,22,197,24,471,45,46,222,42,0,10,1
"465_466",0,19,35,262,31,262,17,5,116,8,1,9,3
"466_467",0,4,35,282,37,372,48,7,54,4,1,19,4
"467_468",1,10,28,299,36,365,41,17,375,18,2,2,1
"468_469",2,128,31,177,44,182,46,4,79,47,2,10,2
"469_470",2,5,16,264,45,280,17,7,382,37,2,5,1
"470_471",0,21,13,86,4,199,33,8,288,8,0,1,0
"471_472",0,20,31,402,58,396,41,15,91,1,0,12,1
"472_473",1,13,29,146,34,171,40,11,395,42,0,4,3
"473_474",0,6,89,327,199,546,46,39,48,7,1,8,1
"474_475",0,21,39,300,4,202,17,1,31,4,0,14,1
"475_476",0,23,17,192,240,472,24,16,140,43,4,8,0
"476_477",0,5,47,240,90,708,65,18,98,14,0,13,4
"477_478",0,12,46,251,214,449,48,25,65,3,1,25,1
"478_479",0,27,34,313,42,190,32,2,208,78,1,4,0
"479_480",1,15,25,19,1,126,40,7,447,133,2,13,1
"480_481",0,6,62,316,27,347,71,19,144,12,2,7,1
"481_482",0,6,33,124,18,209,28,3,87,18,0,5,1
"482_483",0,22,40,386,193,267,50,13,71,5,1,23,1
"483_484",0,30,64,321,25,362,36,8,178,11,3,4,1
"484_485",1,25,35,430,43,297,55,16,239,31,0,20,1
"485_486",0,6,61,410,37,552,50,20,51,11,0,0,0
"486_487",0,10,59,654,181,540,46,19,112,9,0,20,1
"487_488",0,4,62,263,31,270,17,4,67,9,0,4,3
"488_489",0,22,48,379,61,611,43,51,362,34,0,6,2
"489_490",0,7,49,498,129,254,17,25,74,4,0,5,3
"490_491",0,16,51,215,102,387,26,30,131,10,0,0,5
"491_492",0,7,22,160,70,235,9,7,33,7,1,0,1
"492_493",0,9,46,170,8,372,18,15,402,45,0,0,0
"493_494",0,17,63,179,34,397,32,44,154,31,1,4,1
"494_495",0,9,25,479,583,208,29,26,77,18,0,16,15
"496_497",1,20,49,241,68,192,25,7,137,14,0,3,1
"497_498",0,61,34,528,142,417,39,15,128,10,1,19,6
"498_499",0,28,21,303,114,316,54,21,179,18,1,3,2
"499_500",1,3,15,83,29,307,70,7,204,59,0,7,0
"500_501",0,17,15,111,27,167,27,4,151,100,0,5,1
"501_502",1,28,19,84,63,292,44,8,296,43,0,29,1
"502_503",0,12,57,181,34,175,20,11,228,30,1,9,0
"503_504",2,54,27,74,19,123,22,15,532,71,1,3,3
"504_505",1,4,38,238,32,306,6,7,27,2,2,0,0
"505_506",1,17,48,423,163,309,24,7,112,4,1,9,25
"506_507",1,24,29,214,45,290,49,16,266,13,2,3,1
"507_508",1,94,28,330,65,461,47,15,114,11,3,7,3
"508_509",0,21,13,94,4,245,20,5,564,42,2,7,1
"509_510",0,10,33,299,12,382,51,5,100,22,1,7,8
"510_511",2,10,40,319,37,419,66,10,231,16,1,7,2
"511_512",0,6,21,25,3,88,11,10,118,23,0,1,1
"512_513",0,7,45,358,5,379,32,11,107,7,1,16,1
"513_514",0,18,25,166,6,280,23,50,155,13,0,2,0
"514_515",0,1,44,150,19,372,38,18,110,12,1,12,2
"515_516",0,11,125,743,140,308,18,16,68,10,0,3,2
"516_517",1,14,66,286,134,389,45,28,129,17,0,11,3
"517_518",1,22,59,129,17,578,65,63,226,55,0,2,0
"519_520",0,1,24,317,4,232,10,1,6,5,0,1,0
"520_521",0,26,24,81,4,235,19,3,273,51,1,0,1
"521_522",0,11,23,46,46,250,23,10,228,6,1,9,2
"522_523",0,6,29,115,17,267,17,12,170,38,0,1,0
"524_525",0,6,41,164,36,350,32,30,63,2,2,6,18
"525_526",0,4,7,160,23,104,3,3,131,8,2,1,0
"526_527",0,8,42,306,89,250,30,14,54,14,0,7,1
"527_528",0,15,73,384,29,217,13,7,133,2,0,2,8
"528_529",1,6,26,65,16,114,3,7,64,3,0,1,1
"529_530",0,8,72,449,26,370,16,9,22,0,0,1,12
"530_531",0,7,28,116,9,134,9,13,54,6,0,1,5
"531_532",1,6,38,253,28,319,41,13,217,40,0,5,3
"532_533",0,29,24,26,1,92,4,4,241,10,2,8,1
"533_534",0,1,33,362,111,269,28,18,63,1,0,2,10
"534_535",0,18,18,38,16,107,21,9,399,17,0,5,1
"535_536",0,8,91,480,16,229,11,3,28,1,0,1,5
"536_537",0,27,44,82,30,474,49,17,288,39,1,7,11
"537_538",0,8,37,409,125,186,15,15,113,7,0,6,5
"538_539",0,23,44,477,53,216,29,25,290,16,0,0,2
"539_540",0,3,62,238,62,447,28,45,55,1,0,3,4
"540_541",1,15,83,334,60,551,45,33,171,2,1,8,3
"541_542",0,31,38,140,10,335,33,13,246,4,1,5,3
"542_543",0,4,44,658,54,366,20,25,48,1,0,10,1
"543_544",0,3,26,182,25,206,15,17,212,9,0,13,2
"544_545",0,13,18,144,26,186,21,42,575,12,0,1,0
"545_546",0,22,24,316,26,294,11,8,50,9,0,9,1
"546_547",0,17,26,63,21,530,33,37,142,2,1,14,2
"547_548",0,6,21,151,10,211,98,9,171,48,0,2,0
"548_549",0,20,29,418,290,280,24,21,60,0,0,10,0
"549_550",1,15,33,289,31,353,53,10,240,53,0,37,4
"550_551",0,2,28,305,9,342,13,3,136,16,1,6,1
"551_552",0,9,58,261,32,311,22,9,74,0,0,2,0
"552_553",2,20,40,334,302,497,75,56,239,30,0,15,4
"553_554",0,6,35,172,91,407,30,17,361,85,0,20,3
"554_555",0,5,53,469,15,299,13,7,46,12,0,4,0
"555_556",0,15,13,117,15,111,17,3,250,62,0,3,0
"557_558",0,9,31,346,122,186,5,10,81,11,0,0,0
"558_559",0,9,24,117,5,274,53,7,431,25,0,4,0
"559_560",0,21,41,190,83,529,25,59,209,14,3,3,1
"560_561",0,22,42,169,56,497,57,24,158,19,1,20,0
"561_562",0,39,89,361,85,435,39,45,104,16,0,18,1
"562_563",0,15,148,521,31,410,65,22,276,43,1,3,0
"563_564",0,14,68,159,15,299,24,30,228,21,0,2,0
"564_565",0,2,28,299,4,185,12,4,13,0,0,0,2
"565_566",0,44,17,91,105,309,63,19,172,6,0,5,1
"566_567",1,87,14,400,58,117,15,4,92,13,1,9,2
"567_568",0,21,48,662,55,432,44,10,359,38,0,2,3
"569_570",0,8,45,303,16,293,26,20,52,2,2,3,2
"570_571",0,13,30,388,80,312,40,6,135,15,1,18,1
"571_572",0,40,23,92,1,246,52,6,419,40,1,3,1
"572_573",0,36,42,269,17,304,28,8,235,26,3,0,0
"573_574",1,78,31,535,239,282,44,22,87,4,0,49,4
"574_575",0,39,24,261,122,311,31,32,125,13,1,17,0
"575_576",0,19,13,94,23,329,67,28,328,33,1,18,0
"576_577",0,32,68,566,27,474,33,11,94,16,2,6,3
"577_578",1,26,30,113,43,368,64,9,176,27,1,9,1
"578_579",0,7,28,649,269,238,37,13,137,6,1,35,1
"579_580",0,17,33,264,88,342,72,25,170,11,0,25,2
"580_581",0,8,37,270,74,140,17,10,73,2,1,11,2
"581_582",0,23,31,157,60,146,26,11,71,11,0,16,3
"582_583",0,28,48,404,154,213,32,7,28,3,0,20,4
"583_584",0,38,35,340,53,146,33,11,117,13,0,19,4
"584_585",0,20,20,110,48,119,14,12,313,88,1,0,1
"585_586",0,21,48,151,97,723,103,64,160,0,0,23,6
"586_587",0,27,26,129,85,311,26,17,144,20,1,26,7
"587_588",0,12,48,83,34,409,35,15,210,24,6,5,5
"588_589",0,10,48,322,38,408,10,9,17,4,2,2,2
"589_590",0,34,43,261,9,346,32,15,176,20,0,51,12
"590_591",0,4,33,174,30,229,36,10,295,3,0,6,3
"591_592",0,8,18,141,20,231,29,7,124,8,1,4,0
"592_593",3,52,14,47,9,233,76,9,226,24,0,14,4
"593_594",0,6,23,323,26,154,15,15,120,18,0,2,1
"594_595",0,9,38,199,8,284,24,3,223,31,0,1,0
"595_596",0,32,37,138,32,505,32,141,160,16,1,3,2
"596_597",0,10,32,190,57,406,26,20,145,18,1,9,1
"597_598",1,26,24,250,110,387,78,45,178,9,3,15,2
"598_599",0,3,18,425,171,219,6,16,11,1,0,0,0
"599_600",0,6,20,70,13,218,33,26,95,17,0,0,2
"600_601",1,19,26,396,156,189,28,18,123,16,0,17,3
"602_603",0,4,21,513,4,141,9,4,78,2,0,1,0
"603_604",0,84,29,133,4,217,19,3,61,5,0,5,1
"604_605",0,40,31,409,15,483,51,17,185,8,0,19,0
"605_606",0,51,23,293,28,409,28,28,226,6,3,12,2
"606_607",0,8,36,718,84,213,8,1,35,4,0,7,0
"607_608",2,8,3,132,5,141,12,5,76,18,1,3,0
"608_609",0,5,8,167,19,460,33,10,56,5,0,5,1
"609_610",0,3,16,302,76,457,65,25,46,3,1,8,1
"610_611",0,5,17,396,80,272,36,10,76,5,3,29,2
"611_612",0,29,7,345,14,239,22,4,262,39,1,10,8
"612_613",0,11,10,107,12,271,29,6,192,20,1,3,1
"613_614",0,1,16,368,33,272,13,4,29,0,0,4,0
"614_615",0,8,18,319,75,389,30,13,82,3,0,21,2
"615_616",0,17,11,366,68,224,37,5,123,9,0,34,2
"616_617",0,30,14,210,102,308,48,16,295,29,0,21,3
"617_618",0,11,4,209,54,211,22,9,267,24,1,13,3
"618_619",0,33,9,172,121,200,32,23,98,2,1,52,1
"619_620",0,21,1,346,106,118,16,5,130,20,0,25,3
"620_621",0,44,14,416,129,298,38,24,212,6,3,28,6
"621_622",0,37,28,229,34,325,31,21,161,8,2,6,4
"622_623",1,31,32,118,11,273,38,8,427,129,1,29,1
"623_624",0,6,14,132,22,174,5,9,61,5,1,3,2
"624_625",0,24,31,474,112,333,15,20,64,9,0,7,1
"625_626",0,2,38,152,27,265,22,5,70,11,0,3,4
"626_627",2,17,20,141,101,290,42,13,81,9,0,9,5
"627_628",0,10,42,159,3,296,28,1,81,4,2,1,2
"628_629",1,3,25,148,50,264,28,20,43,9,1,6,4
"629_630",1,14,20,294,131,214,34,11,84,9,0,23,5
"630_631",1,5,19,281,74,325,39,15,75,10,0,9,1
"632_633",0,13,8,23,4,145,16,13,220,11,0,12,0
"633_634",0,16,18,168,43,169,10,3,68,7,1,0,1
"634_635",0,6,7,112,22,247,41,60,214,19,2,0,0
"635_636",0,8,19,60,10,163,15,5,20,7,0,25,1
"636_637",0,11,16,77,27,123,17,3,95,24,0,2,1
"637_638",1,5,46,286,27,536,10,10,131,25,3,2,0
"638_639",0,3,31,610,12,529,28,31,55,7,0,8,2
"639_640",0,11,20,136,28,256,9,7,17,5,0,5,0
"640_641",2,24,14,87,14,335,18,3,136,29,1,11,1
"641_642",0,60,21,173,11,144,24,4,283,49,0,11,0
"644_645",0,48,22,248,133,388,80,17,158,19,0,4,13
"645_646",0,6,59,270,15,332,10,8,62,3,3,17,0
"646_647",0,18,28,417,21,111,1,3,51,5,3,1,0
"647_648",0,8,42,280,31,479,72,12,50,7,0,27,0
"648_649",0,10,9,52,19,153,46,11,298,64,0,5,0
"649_650",0,1,69,478,47,550,15,18,33,9,1,3,0
"650_651",1,4,79,279,32,1144,64,17,246,15,8,1,0
"651_652",0,1,22,99,21,228,16,6,25,1,0,14,4
"652_653",0,2,20,132,14,206,12,5,277,7,1,0,0
"653_654",0,16,27,51,2,181,27,28,397,16,0,13,0
"654_655",0,10,33,315,34,382,47,21,240,31,0,12,1
"655_656",1,5,22,228,57,264,21,13,396,103,1,3,5
"656_657",0,19,44,339,41,236,24,25,226,7,1,15,2
"657_658",0,41,21,124,12,385,41,9,253,4,0,19,1
"658_659",0,19,43,207,42,443,29,24,47,2,1,40,0
"659_660",0,21,20,223,92,299,31,18,29,2,0,35,0
"660_661",1,21,28,262,140,381,53,27,215,30,0,5,0
"661_662",0,3,30,261,15,390,18,7,124,15,1,5,3
"662_663",0,63,17,119,3,381,14,9,104,1,0,3,2
"663_664",1,7,13,99,5,286,30,8,155,3,0,0,0
"664_665",0,30,22,216,136,499,71,32,29,2,0,3,0
"665_666",0,18,31,418,129,488,49,19,172,4,1,8,4
"666_667",0,8,20,673,93,606,74,13,60,7,0,10,3
"667_668",0,30,19,167,76,496,84,38,407,59,0,7,2
"668_669",0,51,29,498,152,496,63,13,172,37,0,28,5
"669_670",0,23,12,215,183,240,14,15,76,10,3,5,3
"670_671",0,48,19,73,82,288,26,5,241,58,3,7,1
"671_672",0,5,9,51,14,144,15,4,147,20,2,18,6
"672_673",1,9,22,235,2,425,39,25,237,9,0,0,1
"673_674",0,8,21,41,5,287,63,14,186,18,1,1,3
"674_675",1,11,8,81,1,225,16,5,370,45,2,2,0
"675_676",0,15,16,114,9,260,41,15,520,30,0,3,0
"676_677",0,31,27,204,5,555,38,15,163,19,1,4,1
"677_678",0,28,8,179,8,400,22,7,381,64,4,1,2
"678_679",0,47,24,181,6,519,23,17,91,9,0,1,2
"679_680",0,15,16,221,2,308,18,8,86,19,1,8,0
"680_681",0,45,26,220,30,375,39,6,267,13,0,5,1
"681_682",2,10,11,492,8,293,42,37,169,10,0,1,0
"682_683",0,3,36,392,17,361,23,11,38,6,0,4,0
"683_684",1,2,27,144,9,243,38,29,312,236,0,9,0
"684_685",1,5,13,74,11,190,65,23,341,36,0,1,0
"685_686",1,7,29,169,54,199,52,26,492,17,0,3,5
"686_687",0,3,25,283,25,224,39,5,125,11,1,25,2
"687_688",0,7,42,287,100,323,36,29,141,23,0,53,0
"688_689",0,12,38,475,90,287,35,61,111,26,1,5,1
"689_690",0,6,65,673,93,281,50,19,117,14,0,11,1
"690_691",0,15,39,116,32,361,28,28,73,17,0,17,1
"691_692",0,5,33,369,36,467,47,17,179,18,0,8,1
"692_693",0,19,24,224,81,229,72,22,256,54,1,4,1
"693_694",0,25,18,198,10,181,27,5,102,52,0,12,1
"694_695",0,48,9,274,95,165,36,20,240,39,3,15,0
"695_696",0,55,15,34,6,170,27,10,171,24,0,10,1
"696_697",0,3,13,111,5,173,10,16,164,57,0,0,0
"697_698",0,10,17,48,6,95,23,11,363,43,1,2,0
"699_700",0,43,6,244,43,262,17,3,429,39,1,11,3
"700_701",0,20,39,624,84,745,30,24,72,3,0,11,1
"701_702",0,27,19,293,46,292,73,25,145,10,0,2,1
"702_703",0,9,9,88,14,136,24,7,65,11,0,0,2
"704_705",0,54,16,64,5,200,30,15,285,9,0,2,1
"705_706",0,23,9,61,39,344,46,9,177,21,0,8,0
"706_707",0,127,22,26,13,341,32,18,188,89,1,6,3
"707_708",0,30,16,167,33,612,25,14,108,6,5,2,5
"708_709",2,21,18,172,87,430,37,15,339,24,0,11,0
"709_710",0,16,11,393,359,369,43,26,42,4,0,16,1
"711_712",2,25,27,511,242,471,85,25,261,45,1,13,8
"714_715",0,5,21,66,10,262,36,7,279,49,0,14,0
"715_716",0,3,30,70,4,328,49,27,266,35,0,4,0
"716_717",0,7,17,211,24,262,16,10,38,9,0,17,1
"717_718",0,12,24,83,38,419,30,27,177,5,1,26,11
"718_719",1,9,23,168,29,192,4,2,257,2,0,4,0
"719_720",0,6,28,193,29,491,47,24,293,44,0,38,2
"720_721",0,15,28,79,13,225,11,37,35,0,1,8,3
"721_722",0,3,24,84,48,161,20,37,43,0,0,1,0
"722_723",0,17,30,178,14,342,7,13,47,5,0,18,1
"723_724",0,19,12,280,40,322,44,10,142,7,0,38,2
"724_725",0,38,19,200,31,237,34,6,105,7,2,14,2
"725_726",0,18,6,249,22,259,21,3,136,21,1,4,1
"726_727",0,1,5,96,14,209,30,6,234,12,0,6,0
"727_728",0,3,24,259,46,420,34,19,115,12,0,14,0
"729_730",0,8,14,276,44,189,17,3,200,11,3,5,2
"730_731",0,13,20,235,28,370,38,10,52,2,0,5,0
"731_732",0,11,16,285,20,229,17,12,259,13,0,8,1
"732_733",0,0,29,242,9,345,52,16,127,16,0,7,3
"733_734",0,1,6,62,4,73,8,1,178,65,0,1,0
"734_735",0,1,21,554,14,382,23,19,47,3,1,3,0
"735_736",1,30,37,418,33,432,31,26,100,5,0,10,3
"736_737",0,7,30,112,38,306,34,28,289,2,0,14,4
"737_738",0,2,17,133,4,158,27,15,56,40,3,2,0
"738_739",0,8,9,78,2,95,7,1,221,8,0,0,0
"739_740",0,14,6,12,2,96,6,1,231,14,3,1,1
"740_741",2,46,17,33,7,118,21,5,346,19,0,13,2
"742_743",0,10,26,543,73,202,23,4,18,3,0,8,2
"743_744",0,24,28,193,125,148,51,6,74,6,1,26,0
"744_745",0,3,61,518,169,528,29,9,61,9,0,14,1
"745_746",0,4,52,303,22,369,54,51,128,19,3,9,1
"746_747",0,5,20,120,3,260,15,4,60,1,0,2,3
"747_748",0,4,24,264,61,374,88,16,56,5,2,112,1
"748_749",0,15,18,285,16,436,16,5,249,21,0,1,1
"749_750",0,2,19,325,6,284,12,3,189,13,4,0,1
"750_751",1,2,9,129,12,146,14,2,148,11,0,1,4
"751_752",0,14,97,242,31,274,40,11,225,23,0,0,0
"752_753",2,42,62,90,9,618,42,22,615,39,1,11,2
"753_754",0,4,3,227,10,136,6,2,120,5,1,2,1
"754_755",1,15,16,399,41,797,31,13,48,1,5,0,0
"755_756",1,16,14,587,78,713,13,14,64,2,0,1,1
"756_757",0,1,7,199,48,478,11,9,21,0,0,1,0
"757_758",0,3,13,324,14,254,20,10,32,2,1,1,1
"758_759",0,5,6,292,38,289,30,12,220,26,0,0,4
"759_760",0,2,4,98,10,297,29,24,202,20,0,10,1
"760_761",0,7,8,168,20,474,78,27,172,19,0,3,1
"761_762",0,10,7,91,6,159,28,6,499,28,0,6,1
"762_763",0,30,10,533,229,275,12,18,191,1,3,2,1
"764_765",0,17,96,927,160,662,45,62,266,14,1,3,2
"765_766",1,15,62,643,84,491,62,26,344,24,0,2,2
"766_767",1,10,28,199,93,234,24,31,212,2,0,0,0
"767_768",0,28,59,385,98,445,56,70,173,18,2,6,3
"769_770",2,69,4,67,9,218,6,0,333,57,0,0,3
"770_771",0,9,9,183,16,235,10,3,36,2,1,16,3
"771_772",0,24,36,200,38,418,31,21,374,22,0,2,3
"772_773",0,12,38,322,88,790,98,27,206,32,4,8,5
"773_774",1,17,91,720,115,735,52,53,186,8,2,2,3
"774_775",0,13,50,279,76,374,33,40,322,23,0,2,4
"776_777",0,6,31,269,20,276,12,20,48,1,0,0,1
"779_780",2,32,6,262,65,277,24,18,278,16,3,2,3
"780_781",0,12,6,158,28,215,6,8,58,25,0,0,0
"781_782",0,10,10,195,111,347,28,20,166,5,1,7,1
"782_783",1,25,13,214,15,274,3,24,186,14,1,1,2
"783_784",1,9,16,126,34,389,25,8,80,7,1,7,2
"784_785",1,5,13,225,65,453,26,13,186,9,1,4,2
"786_787",1,17,36,309,25,369,21,18,202,13,2,4,14
"787_788",0,2,16,304,37,264,30,18,71,37,0,1,1
"788_789",0,17,17,299,34,316,10,25,93,2,3,0,7
"789_790",0,8,9,215,108,196,11,14,80,3,0,6,0
"790_791",0,7,36,262,23,314,13,12,26,5,0,21,5
"791_792",0,11,20,507,205,375,36,10,278,58,3,28,6
"793_794",0,4,8,72,4,71,8,1,18,3,0,0,1
"794_795",0,6,12,218,56,159,20,10,129,6,0,11,0
"795_796",0,11,9,413,54,194,80,16,77,5,2,17,3
"796_797",1,7,16,318,76,204,31,9,76,2,1,44,3
"797_798",0,7,18,384,15,447,15,5,52,8,2,0,0
"798_799",0,3,19,121,25,224,38,70,103,56,3,5,2
"799_800",0,5,6,148,31,183,17,5,109,37,2,11,0
"800_801",0,20,12,329,186,350,27,19,36,9,0,14,0
"801_802",0,28,13,269,20,308,25,11,72,6,0,3,3
"802_803",0,4,13,36,6,265,23,21,402,12,3,3,1
"803_804",0,0,20,404,23,287,1,7,8,2,0,0,4
"804_805",1,34,14,183,75,242,31,11,208,2,0,9,1
"805_806",0,42,7,153,9,170,11,11,197,18,0,3,0
"806_807",0,27,18,240,123,307,15,47,85,21,0,3,0
"807_808",0,13,12,296,95,209,25,24,91,4,1,1,2
"808_809",0,15,22,417,130,208,18,24,92,4,1,1,1
"809_810",0,27,10,74,20,315,138,59,412,120,1,19,0
"810_811",0,5,24,412,50,195,29,4,107,5,2,1,4
"811_812",0,12,22,191,93,340,25,36,137,8,1,4,4
"812_813",0,7,24,192,75,551,23,31,16,1,0,27,1
"813_814",0,7,16,153,10,608,25,19,174,36,0,4,1
"814_815",0,1,20,37,4,188,62,11,471,27,0,20,1
"815_816",0,7,26,120,21,359,48,29,244,30,3,19,1
"816_817",0,4,17,303,39,251,14,18,190,33,1,0,0
"818_819",0,17,42,726,6,724,45,13,119,14,0,11,2
"819_820",0,7,33,604,76,346,27,35,109,4,1,4,1
"821_822",0,10,18,185,12,215,31,17,690,22,0,3,1
"822_823",0,8,13,142,4,289,45,8,364,18,1,0,1
"823_824",0,25,32,544,19,417,12,20,270,21,2,3,0
"824_825",0,10,20,270,23,367,36,24,161,8,3,9,2
"825_826",1,20,49,462,55,696,75,21,106,15,1,3,0
"826_827",0,18,28,348,73,291,27,14,180,0,0,17,0
"827_828",0,22,49,429,33,452,23,17,88,18,1,7,2
"829_830",0,31,63,479,82,474,33,40,309,2,3,4,4
"830_831",0,11,42,382,55,477,81,36,323,10,0,2,1
"831_832",0,5,25,304,15,276,8,39,250,24,1,2,0
"832_833",0,48,61,617,61,686,54,43,247,6,0,9,2
"834_835",0,1,32,215,53,483,35,9,64,5,0,23,1
"835_836",0,2,18,408,24,229,23,11,47,3,0,11,0
"836_837",1,16,21,257,27,441,38,23,177,9,2,0,0
"838_839",1,5,30,253,62,415,32,83,98,1,0,4,1
"839_840",0,0,20,311,33,372,18,8,26,3,1,1,2
"840_841",0,1,32,494,31,468,34,14,274,16,1,2,5
"842_843",0,46,48,590,16,512,20,12,137,10,1,9,0
"843_844",0,51,36,251,46,366,41,47,213,6,3,9,0
"845_846",0,8,25,137,9,203,23,14,95,4,1,2,2
"846_847",0,9,33,244,59,252,22,49,318,65,0,0,0
"847_848",1,23,28,299,38,356,74,16,175,42,0,8,5
"848_849",0,8,51,554,22,368,20,8,63,14,0,2,2
"849_850",0,24,35,288,52,423,26,20,52,5,1,17,3
"850_851",0,38,29,151,27,230,26,34,248,14,0,7,2
"851_852",0,30,17,156,7,226,54,6,328,26,1,6,0
"852_853",0,5,19,368,52,415,40,11,50,10,0,5,1
"853_854",0,67,23,320,113,442,32,17,86,7,4,10,1
"854_855",0,16,16,361,54,446,33,22,120,13,0,1,0
"855_856",0,101,18,416,258,276,32,9,100,4,0,34,3
"856_857",0,23,23,267,135,394,73,15,184,23,0,34,2
"857_858",0,5,45,668,52,446,53,25,164,9,0,12,2
"858_859",0,15,11,388,241,240,23,22,50,0,0,30,1
"859_860",0,45,18,293,36,175,49,27,124,2,1,36,1
"860_861",0,26,30,265,77,360,46,18,78,2,1,16,4
"861_862",0,11,19,175,48,329,53,6,56,1,0,19,9
"862_863",0,78,16,178,185,237,24,15,131,3,0,15,1
"863_864",1,235,20,77,22,272,52,12,299,11,0,4,1
"864_865",0,13,47,244,37,583,68,26,63,2,0,20,5
"865_866",1,77,34,97,34,445,34,9,183,10,3,6,0
"866_867",0,5,18,189,22,172,32,9,71,9,0,1,0
"867_868",1,29,30,289,58,394,33,21,174,43,3,7,0
"868_869",0,14,46,617,49,415,42,29,122,21,0,45,8
"869_870",0,11,19,134,31,228,40,10,178,20,1,4,0
"870_871",1,23,46,174,89,418,55,15,154,58,2,10,2
"871_872",0,11,21,302,8,409,39,9,44,3,0,6,4
"872_873",0,24,42,262,35,318,31,28,465,45,0,8,2
"873_874",0,79,20,319,14,242,15,9,85,16,0,12,5
"874_875",0,5,33,484,96,388,42,22,122,11,1,8,5
"875_876",0,21,31,619,26,350,18,3,39,13,1,27,0
"876_877",0,1,29,533,36,504,12,11,25,4,2,0,3
"877_878",0,4,33,909,137,428,34,13,137,37,1,0,4
"878_879",2,25,22,239,4,175,16,1,292,11,3,3,0
"879_880",0,20,22,121,8,322,23,15,283,25,1,5,0
"880_881",1,24,14,294,40,197,12,5,104,10,4,6,0
"881_882",0,4,22,153,53,334,65,37,605,24,1,7,1
"882_883",0,30,20,276,12,263,25,16,57,5,0,7,3
"883_884",0,10,29,109,6,456,47,22,109,38,2,1,0
"884_885",0,21,21,225,10,307,23,32,174,67,0,12,1
"885_886",0,24,20,206,19,155,14,10,71,17,1,9,3
"886_887",1,10,31,373,17,257,27,15,443,36,1,5,6
"887_888",0,23,30,267,23,447,22,17,362,23,0,2,1
"888_889",0,2,28,127,18,238,13,11,60,2,0,4,0
"889_890",0,247,19,102,2,113,21,9,165,33,0,6,3
"890_891",0,15,38,285,52,488,32,9,61,2,3,12,4
"891_892",0,26,37,421,117,440,28,17,97,10,0,11,5
"892_893",2,14,16,169,21,250,23,20,245,130,1,0,2
"893_894",2,8,20,358,21,416,38,15,43,6,5,0,0
"894_895",0,9,22,271,14,252,5,12,128,8,1,4,0
"896_897",3,14,42,469,550,327,36,16,143,9,1,6,12
"898_899",0,18,20,229,22,357,17,12,127,4,1,6,0
"899_900",1,12,17,97,3,153,9,11,207,12,0,3,0
"900_901",0,5,27,238,62,275,19,7,103,27,0,4,3
"901_902",0,24,13,338,132,188,24,16,78,5,3,13,5
"902_903",1,8,15,58,6,193,9,10,228,5,2,1,3
"903_904",0,15,25,656,16,207,6,9,27,2,3,6,1
"904_905",0,17,30,391,83,194,25,27,139,2,0,37,3
"905_906",0,4,15,193,13,251,4,19,65,0,1,4,1
"906_907",2,18,12,227,38,247,10,9,70,5,1,6,3
"907_908",0,13,11,428,37,211,35,10,112,4,1,0,0
"908_909",0,37,24,275,36,254,58,16,119,23,2,22,4
"909_910",1,11,13,637,95,343,35,20,114,2,2,8,2
"910_911",1,30,18,525,193,264,35,20,223,12,0,1,1
"911_912",0,13,31,426,63,260,34,16,148,6,0,59,2
"912_913",1,7,42,190,77,440,29,21,91,4,2,10,2
"914_915",0,46,47,329,31,453,87,15,595,53,3,10,0
"915_916",0,21,28,278,22,322,60,9,123,6,2,4,6
"916_917",1,110,45,248,35,262,38,16,170,13,3,4,2
"917_918",0,38,23,519,18,259,23,9,222,14,0,4,2
"918_919",0,16,19,206,12,205,9,19,248,22,0,1,0
"920_921",0,13,6,86,7,73,10,2,30,0,0,31,0
"921_922",0,28,26,231,17,296,4,13,65,1,1,1,0
"922_923",1,7,4,186,29,118,8,4,431,8,2,6,0
"923_924",1,43,18,247,72,224,21,24,620,23,0,8,2
"924_925",2,70,9,263,36,117,13,9,261,26,0,9,0
"926_927",2,39,31,253,48,219,41,7,196,40,0,32,2
"927_928",2,41,24,431,99,352,26,17,294,31,5,15,6
"929_930",0,22,39,176,33,278,68,19,449,17,1,4,3
"930_931",0,6,34,211,26,333,42,18,67,1,1,2,5
"932_933",1,90,27,252,116,399,67,23,348,15,2,43,1
"933_934",0,47,22,277,76,384,84,16,354,32,0,9,0
"934_935",1,14,22,218,64,238,25,5,332,34,0,3,2
"935_936",1,23,35,166,69,431,79,6,182,14,5,14,4
"937_938",0,16,8,162,30,204,35,11,90,7,0,10,1
"938_939",0,9,32,84,23,206,37,29,119,4,0,4,1
"939_940",1,13,17,54,9,204,10,15,71,9,0,3,4
"940_941",0,2,11,97,21,51,3,3,143,8,0,1,0
"941_942",2,13,36,145,59,401,44,10,80,5,0,29,1
"942_943",0,23,23,238,31,164,16,1,158,6,0,3,1
"943_944",0,6,14,52,2,258,24,5,86,2,0,4,0
"944_945",0,55,25,115,48,266,34,10,82,25,0,13,1
"945_946",0,17,24,174,95,233,30,20,143,11,2,40,1
"946_947",0,24,38,246,54,308,49,32,129,19,0,6,3
"947_948",1,42,34,423,243,426,35,26,95,3,2,3,2
"949_950",0,41,36,353,167,345,53,18,212,2,0,46,3
"950_951",0,14,9,125,16,121,6,3,203,19,0,0,0
"951_952",0,62,46,495,261,502,55,53,72,1,1,48,1
"952_953",0,3,34,367,5,368,10,3,49,0,0,0,0
"953_954",0,29,23,344,48,332,26,13,97,6,4,13,2
"954_955",0,38,23,334,156,228,35,14,46,6,0,39,2
"955_956",0,19,24,220,132,197,11,10,26,2,1,26,3
"956_957",0,19,39,300,71,583,68,34,89,7,2,5,4
"957_958",0,31,34,427,320,270,48,21,100,3,0,20,2
"958_959",0,10,38,318,47,476,21,10,27,2,0,2,1
"959_960",0,37,34,132,120,513,50,74,222,3,3,26,3
"960_961",0,25,28,103,19,269,38,7,167,22,0,11,1
"961_962",0,1,30,368,69,324,8,4,17,3,1,0,4
"962_963",0,84,35,246,48,424,78,12,176,16,1,14,5
"968_969",0,14,28,269,20,220,37,12,364,7,2,10,3
"969_970",1,23,16,55,23,259,111,13,457,17,1,18,1
"970_971",0,41,27,269,43,211,11,11,81,6,1,18,1
"971_972",0,8,21,279,129,200,26,11,102,3,0,6,2
"972_973",0,28,8,183,39,200,35,17,353,47,0,20,2
"973_974",0,87,9,138,11,133,27,8,140,23,0,1,0
"974_975",0,19,7,187,13,182,25,9,142,16,0,7,0
"975_976",0,22,23,290,52,213,21,6,185,8,1,1,0
"976_977",0,7,6,147,10,222,32,4,168,52,0,5,3
"977_978",0,0,13,318,61,310,36,9,41,1,0,10,1
"978_979",0,1,17,429,92,311,17,7,44,5,1,9,2
"979_980",0,5,10,141,44,126,33,5,100,1,0,3,0
"980_981",0,23,15,146,18,310,21,11,109,3,0,3,0
"981_982",1,13,21,204,25,434,124,25,332,91,0,8,0
"982_983",0,10,16,250,62,344,19,13,78,11,0,16,1
"983_984",0,24,13,136,131,393,64,8,187,32,0,9,6
"984_985",0,2,5,231,30,322,15,7,270,4,1,3,2
"985_986",0,7,16,290,70,319,34,26,34,3,1,3,3
"986_987",0,17,27,292,35,222,11,21,67,2,4,8,4
"987_988",0,22,14,312,41,233,31,4,216,15,1,7,0
"988_989",0,20,17,115,16,226,13,5,97,3,1,7,0
"989_990",0,8,25,438,55,187,45,8,83,20,0,6,5
"990_991",0,42,19,311,38,208,39,15,342,29,1,3,2
"991_992",1,28,11,173,33,251,65,11,242,101,0,16,0
"992_993",0,9,6,347,19,214,30,11,184,16,0,2,1
"993_994",0,26,33,331,82,343,26,16,97,5,2,19,6
"994_995",1,22,32,181,37,517,134,47,273,6,2,11,4
"995_996",0,35,29,318,22,287,47,25,281,2,0,16,3
"996_997",0,12,22,446,90,517,27,22,64,4,0,11,4
"997_998",0,5,26,229,12,422,42,26,101,12,0,4,0
"998_999",0,16,21,326,31,322,44,23,167,4,2,17,2
"999_1000",0,8,33,419,45,386,44,47,100,4,0,5,6
"1000_1001",0,24,22,198,47,562,43,20,55,8,3,14,2
"1001_1002",0,30,34,404,56,394,69,23,124,3,1,2,3
"1002_1003",0,13,20,346,34,409,6,6,84,4,0,3,0
"1003_1004",0,9,20,560,93,414,31,22,136,10,0,16,2
"1004_1005",0,48,24,248,109,253,39,13,127,4,2,27,1
"1005_1006",0,11,9,267,33,262,15,26,26,1,1,9,1
"1006_1007",0,5,10,206,23,164,10,4,47,5,0,5,0
"1007_1008",0,30,13,84,7,237,53,17,413,72,2,7,0
"1008_1009",1,24,42,711,76,656,48,23,350,16,5,18,4
"1009_1010",0,22,19,481,32,232,14,14,40,9,1,12,0
"1010_1011",0,9,27,363,15,326,18,25,120,32,0,2,0
"1011_1012",0,11,13,84,7,356,72,17,188,13,0,3,0
"1012_1013",2,14,14,57,2,230,37,18,322,11,0,8,1
"1014_1015",0,4,27,264,3,238,11,11,70,2,0,19,0
"1015_1016",0,48,62,413,10,254,25,4,152,24,0,6,0
"1016_1017",2,38,31,170,43,274,61,18,499,20,0,6,5
"1018_1019",0,10,69,293,32,297,50,13,68,4,0,10,2
"1019_1020",1,24,29,429,10,242,10,4,306,50,1,2,0
"1020_1021",2,3,14,56,10,129,9,8,262,10,1,0,3
"1021_1022",0,9,51,274,9,505,45,9,283,14,2,1,3
"1022_1023",0,4,34,335,31,174,19,3,122,11,0,8,0
"1023_1024",0,13,12,216,26,145,9,7,49,4,0,4,2
"1024_1025",0,36,25,71,13,354,122,12,246,37,1,49,1
"1025_1026",0,4,23,267,51,459,40,18,66,3,0,48,0
"1026_1027",0,28,15,286,104,312,28,17,94,11,2,9,2
"1027_1028",0,131,16,183,39,193,29,12,164,12,1,5,1
"1028_1029",1,20,9,317,23,152,20,12,192,14,0,7,1
"1029_1030",0,5,13,492,42,187,9,3,31,0,1,4,0
"1030_1031",0,32,15,129,92,429,50,30,172,4,0,4,0
"1031_1032",0,26,18,371,50,190,29,11,214,42,2,8,5
"1032_1033",0,17,15,168,14,501,40,30,85,36,0,3,0
"1033_1034",0,10,23,618,59,146,19,14,119,29,0,1,3
"1034_1035",1,11,15,176,53,517,37,63,293,3,5,13,1
"1035_1036",3,34,24,193,21,309,31,16,148,18,0,10,9
"1036_1037",2,30,13,218,12,112,14,3,410,42,2,10,1
"1037_1038",0,16,7,341,92,340,39,12,62,2,0,9,2
"1038_1039",0,13,17,361,49,252,33,20,216,5,0,5,0
"1039_1040",1,23,20,326,6,196,12,7,61,6,0,2,0
"1040_1041",0,8,28,296,62,283,24,16,273,20,4,13,4
"1041_1042",0,15,21,595,47,213,23,6,155,24,0,5,1
"1042_1043",0,63,20,363,112,289,41,10,253,35,0,15,1
"1043_1044",2,13,3,202,10,115,5,1,440,41,0,1,0
"1044_1045",0,22,4,235,19,156,11,3,180,4,3,1,2
"1045_1046",0,41,8,389,18,156,44,8,251,25,4,4,4
"1046_1047",0,4,15,340,95,380,33,24,60,3,0,0,0
"1047_1048",0,11,39,690,9,482,78,5,30,3,0,4,2
"1048_1049",0,18,17,304,106,184,67,13,303,19,0,18,2
"1049_1050",1,38,6,493,19,101,9,3,126,31,1,4,0
"1050_1051",0,57,2,187,19,71,6,3,87,5,0,1,0
"1051_1052",0,5,17,325,74,560,63,28,50,8,3,8,1
"1052_1053",0,56,14,104,7,222,28,16,375,8,2,5,3
"1053_1054",0,9,23,336,77,403,41,16,372,20,0,5,3
"1054_1055",0,2,1,167,7,113,28,8,600,56,1,2,0
"1055_1056",0,31,2,342,39,63,3,7,93,10,0,1,1
"1056_1057",0,16,25,146,20,223,36,10,126,4,2,15,2
"1057_1058",0,6,29,212,22,600,35,87,129,15,4,1,10
"1058_1059",0,3,25,190,69,322,19,16,63,0,1,4,0
"1059_1060",0,57,10,172,6,144,10,4,357,13,0,5,2
"1060_1061",0,26,12,58,3,141,23,6,416,110,0,23,0
"1061_1062",0,1,11,74,4,200,20,7,283,6,0,9,0
"1062_1063",0,4,8,349,24,172,11,4,121,55,0,2,1
"1063_1064",1,22,36,282,7,403,49,12,102,1,1,4,0
"1064_1065",0,17,11,290,14,359,25,21,148,1,0,17,0
"1065_1066",0,23,27,278,35,329,24,16,67,2,0,17,2
"1066_1067",0,13,13,504,15,181,6,4,108,11,0,4,0
"1068_1069",2,5,28,331,11,308,19,3,670,3,0,3,3
"1070_1071",1,13,20,251,33,259,39,9,193,69,2,28,4
"1071_1072",0,11,52,477,17,147,9,6,143,19,1,6,1
"1072_1073",2,23,19,244,47,145,28,12,194,26,2,1,2
"1073_1074",2,7,16,124,10,322,55,25,300,6,3,2,4
"1074_1075",0,61,18,78,14,467,61,18,431,7,0,9,0
"1075_1076",0,14,13,193,190,410,48,18,171,9,0,10,3
"1076_1077",0,5,32,110,9,381,65,34,186,6,2,4,2
"1077_1078",0,12,26,51,18,163,12,8,40,2,1,17,3
"1078_1079",0,7,21,321,102,307,44,8,66,5,0,6,5
"1079_1080",0,15,41,156,21,385,56,7,137,12,2,5,11
"1080_1081",0,16,28,138,24,338,70,24,245,52,0,2,8
"1081_1082",1,58,18,86,4,256,33,15,403,93,0,2,6
